tag,n,trolls,p,lam,regimen,loc,fracTrolls,mean_rho_W,mean_rho_LW,mean_rangoFinal,mean_stdFinal,mean_convTime,mean_P_norm_vs_trolls,mean_propNegNormals,mean_medianFinalNormals,mean_resid_fp,mean_medianFinal,mean_meanFinal,std_convTime,std_rangoFinal,std_stdFinal,prop_stochastic,prop_substochastic,prop_isStrongLW,mean_nSCC_W,mean_nSCC_LW,mean_periodW,mean_periodLW,prop_isStrongW,prop_isPrimLW,mean_nSCC_W_over_n,mean_nSCC_LW_over_n,mean_rho_emp_W,mean_NDI,mean_P2,mean_P4,prop_consenso,mean_k_needed
n300_trolls0_desconectada_bajoPR_lam0.20,300,0,0.009506304124427,0.2,desconectada,bajoPR,0,,0.200000000000001,0.85404113650195,0.206007775923039,6.96,NaN,0,0.535319392144763,3.18334527229375e-07,0.535319392144763,0.552128500187299,0.282842712474619,0.0221686246191506,0.00174851400181578,1,1,0,20.74,20.74,NaN,NaN,0,0,0.0691333333333333,0.0691333333333333,1,22.91627992815,0.347149608128092,165.63855005619,0,8
n300_trolls0_desconectada_medioPR_lam0.20,300,0,0.009506304124427,0.2,desconectada,medioPR,0,,0.200000000000001,0.85404113650195,0.206007775923039,6.96,NaN,0,0.535319392144763,3.18334527229375e-07,0.535319392144763,0.552128500187299,0.282842712474619,0.0221686246191506,0.00174851400181578,1,1,0,20.74,20.74,NaN,NaN,0,0,0.0691333333333333,0.0691333333333333,1,22.91627992815,0.347149608128092,165.63855005619,0,8
n300_trolls0_desconectada_altoPR_lam0.20,300,0,0.009506304124427,0.2,desconectada,altoPR,0,,0.200000000000001,0.85404113650195,0.206007775923039,6.96,NaN,0,0.535319392144763,3.18334527229375e-07,0.535319392144763,0.552128500187299,0.282842712474619,0.0221686246191506,0.00174851400181578,1,1,0,20.74,20.74,NaN,NaN,0,0,0.0691333333333333,0.0691333333333333,1,22.91627992815,0.347149608128092,165.63855005619,0,8
n300_trolls0_desconectada_bajoPR_lam0.35,300,0,0.009506304124427,0.35,desconectada,bajoPR,0,,0.350000000000002,0.75610459031368,0.170944530144501,9.68,NaN,0,0.546754577598175,5.19121270916578e-07,0.546754577598175,0.552275759860115,0.652780551931192,0.0345910902136274,0.00267203595924517,1,1,0,20.74,20.74,NaN,NaN,0,0,0.0691333333333333,0.0691333333333333,1,14.5185469958673,0.33414996561776,165.682727958035,0,12
n300_trolls0_desconectada_medioPR_lam0.35,300,0,0.009506304124427,0.35,desconectada,medioPR,0,,0.350000000000002,0.75610459031368,0.170944530144501,9.68,NaN,0,0.546754577598175,5.19121270916578e-07,0.546754577598175,0.552275759860115,0.652780551931192,0.0345910902136274,0.00267203595924517,1,1,0,20.74,20.74,NaN,NaN,0,0,0.0691333333333333,0.0691333333333333,1,14.5185469958673,0.33414996561776,165.682727958035,0,12
n300_trolls0_desconectada_altoPR_lam0.35,300,0,0.009506304124427,0.35,desconectada,altoPR,0,,0.350000000000002,0.75610459031368,0.170944530144501,9.68,NaN,0,0.546754577598175,5.19121270916578e-07,0.546754577598175,0.552275759860115,0.652780551931192,0.0345910902136274,0.00267203595924517,1,1,0,20.74,20.74,NaN,NaN,0,0,0.0691333333333333,0.0691333333333333,1,14.5185469958673,0.33414996561776,165.682727958035,0,12
n300_trolls0_desconectada_bajoPR_lam0.50,300,0,0.009506304124427,0.5,desconectada,bajoPR,0,,0.500000000000001,0.641586712381906,0.136083849781533,13.14,NaN,0,0.552674851367498,5.79361023134162e-07,0.552674851367498,0.552339222499441,1.01035455486211,0.0417262731984394,0.00327842423711872,1,1,0,20.74,20.74,NaN,NaN,0,0,0.0691333333333333,0.0691333333333333,1,8.40221957801834,0.323568547755054,165.701766749832,0,19
n300_trolls0_desconectada_medioPR_lam0.50,300,0,0.009506304124427,0.5,desconectada,medioPR,0,,0.500000000000001,0.641586712381906,0.136083849781533,13.14,NaN,0,0.552674851367498,5.79361023134162e-07,0.552674851367498,0.552339222499441,1.01035455486211,0.0417262731984394,0.00327842423711872,1,1,0,20.74,20.74,NaN,NaN,0,0,0.0691333333333333,0.0691333333333333,1,8.40221957801834,0.323568547755054,165.701766749832,0,19
n300_trolls0_desconectada_altoPR_lam0.50,300,0,0.009506304124427,0.5,desconectada,altoPR,0,,0.500000000000001,0.641586712381906,0.136083849781533,13.14,NaN,0,0.552674851367498,5.79361023134162e-07,0.552674851367498,0.552339222499441,1.01035455486211,0.0417262731984394,0.00327842423711872,1,1,0,20.74,20.74,NaN,NaN,0,0,0.0691333333333333,0.0691333333333333,1,8.40221957801834,0.323568547755054,165.701766749832,0,19
n300_trolls0_desconectada_bajoPR_lam0.65,300,0,0.009506304124427,0.65,desconectada,bajoPR,0,,0.650000000000003,0.502424081425649,0.10018638393537,17.54,NaN,0,0.554551320416808,6.96889211694307e-07,0.554551320416808,0.552301309434544,2.13053600614244,0.0391666161415193,0.0035079259887557,1,1,0,20.74,20.74,NaN,NaN,0,0,0.0691333333333333,0.0691333333333333,1,4.12069977608948,0.315096144265197,165.690392830363,0,30.6
n300_trolls0_desconectada_medioPR_lam0.65,300,0,0.009506304124427,0.65,desconectada,medioPR,0,,0.650000000000003,0.502424081425649,0.10018638393537,17.54,NaN,0,0.554551320416808,6.96889211694307e-07,0.554551320416808,0.552301309434544,2.13053600614244,0.0391666161415193,0.0035079259887557,1,1,0,20.74,20.74,NaN,NaN,0,0,0.0691333333333333,0.0691333333333333,1,4.12069977608948,0.315096144265197,165.690392830363,0,30.6
n300_trolls0_desconectada_altoPR_lam0.65,300,0,0.009506304124427,0.65,desconectada,altoPR,0,,0.650000000000003,0.502424081425649,0.10018638393537,17.54,NaN,0,0.554551320416808,6.96889211694307e-07,0.554551320416808,0.552301309434544,2.13053600614244,0.0391666161415193,0.0035079259887557,1,1,0,20.74,20.74,NaN,NaN,0,0,0.0691333333333333,0.0691333333333333,1,4.12069977608948,0.315096144265197,165.690392830363,0,30.6
n300_trolls0_desconectada_bajoPR_lam0.80,300,0,0.009506304124427,0.8,desconectada,bajoPR,0,,0.800000000000005,0.325243648995276,0.0615231981650727,24.3,NaN,0,0.553569532159271,7.65142790475348e-07,0.553569532159271,0.552159414275698,5.3766312190168,0.0332237429380795,0.00312486850993442,1,1,0,20.74,20.74,NaN,NaN,0,0,0.0691333333333333,0.0691333333333333,1,1.38988291000707,0.308741274959282,165.647824282709,0,59
n300_trolls0_desconectada_medioPR_lam0.80,300,0,0.009506304124427,0.8,desconectada,medioPR,0,,0.800000000000005,0.325243648995276,0.0615231981650727,24.3,NaN,0,0.553569532159271,7.65142790475348e-07,0.553569532159271,0.552159414275698,5.3766312190168,0.0332237429380795,0.00312486850993442,1,1,0,20.74,20.74,NaN,NaN,0,0,0.0691333333333333,0.0691333333333333,1,1.38988291000707,0.308741274959282,165.647824282709,0,59
n300_trolls0_desconectada_altoPR_lam0.80,300,0,0.009506304124427,0.8,desconectada,altoPR,0,,0.800000000000005,0.325243648995276,0.0615231981650727,24.3,NaN,0,0.553569532159271,7.65142790475348e-07,0.553569532159271,0.552159414275698,5.3766312190168,0.0332237429380795,0.00312486850993442,1,1,0,20.74,20.74,NaN,NaN,0,0,0.0691333333333333,0.0691333333333333,1,1.38988291000707,0.308741274959282,165.647824282709,0,59
n300_trolls30_desconectada_bajoPR_lam0.20,300,30,0.009506304124427,0.2,desconectada,bajoPR,0.1,,0.196414043520043,1.93214864761239,0.503254111091508,7.02,0.769562300752223,0.00125925925925926,0.526832274571219,3.28427346072968e-07,0.506309224870922,0.385740789738745,0.141421356237309,0.0163664512892921,0.0018558830216558,1,1,0,20.74,48.56,NaN,NaN,0,0,0.0691333333333333,0.161866666666667,1,108.146285545527,0.401235555067506,175.745538920685,0,8
n300_trolls30_desconectada_medioPR_lam0.20,300,30,0.009506304124427,0.2,desconectada,medioPR,0.1,,0.186080034275322,1.92407109925319,0.498791865565335,7.02,0.720527104066432,0.00466666666666667,0.512153780726801,5.02536066847581e-07,0.491128947523242,0.365636601876253,0.141421356237309,0.0179322919295192,0.00197656558311444,1,1,0,20.74,63.44,NaN,NaN,0,0,0.0691333333333333,0.211466666666667,1,132.544606740995,0.381684117063426,169.827159572478,0,8
n300_trolls30_desconectada_altoPR_lam0.20,300,30,0.009506304124427,0.2,desconectada,altoPR,0.1,,0.161676496835153,1.91568610388017,0.49479513510926,7.06,0.681856591571744,0.0132592592592593,0.496226691251418,5.82245577063212e-07,0.475254042586831,0.344419679294459,0.239897937482095,0.0200735156940419,0.00265231075796574,1,1,0,20.74,80.18,NaN,NaN,0,0,0.0691333333333333,0.267266666666667,1,151.837259598555,0.362672789302496,163.821853960722,0,7.74
n300_trolls30_desconectada_bajoPR_lam0.35,300,30,0.009506304124427,0.35,desconectada,bajoPR,0.1,,0.343724576160076,1.88769276004194,0.489900962977351,10.08,0.769562300752223,0.00303703703703704,0.527797967951124,6.07457864412742e-07,0.5065371409804,0.374529967530096,0.340467865366085,0.0224704398328296,0.00231913634009869,1,1,0,20.74,48.56,NaN,NaN,0,0,0.0691333333333333,0.161866666666667,1,97.5353611687737,0.379508910031205,172.455595335753,0,12.88
n300_trolls30_desconectada_medioPR_lam0.35,300,30,0.009506304124427,0.35,desconectada,medioPR,0.1,,0.325640059981813,1.87318943358331,0.483062486177416,11,0.720527104066432,0.0131851851851852,0.49239840070712,4.3776240872373e-07,0.469596939122107,0.333237582291076,0,0.0222171785786063,0.00271371742932187,1,1,0,20.74,63.44,NaN,NaN,0,0,0.0691333333333333,0.211466666666667,1,116.256105989252,0.343668710947472,160.603646355434,0,12.2
n300_trolls30_desconectada_altoPR_lam0.35,300,30,0.009506304124427,0.35,desconectada,altoPR,0.1,,0.282933869461517,1.85084815964885,0.4756942659226,11,0.681856591571744,0.0408148148148148,0.449719361197197,3.68798875095e-07,0.42112387539838,0.28603199031856,0.202030508910442,0.02918915579492,0.0040020853305664,1,1,0,20.74,80.18,NaN,NaN,0,0,0.0691333333333333,0.267266666666667,1,126.835606918572,0.307448632406159,148.01175344753,0,11
n300_trolls30_desconectada_bajoPR_lam0.50,300,30,0.009506304124427,0.5,desconectada,bajoPR,0.1,,0.491035108800108,1.83312986993939,0.478565010825917,15.08,0.769562300752223,0.0062962962962963,0.519262654154503,7.73370077762348e-07,0.500010421640564,0.358681787949557,0.340467865366085,0.0267035776405076,0.00298989349596045,1,1,0,20.74,48.56,NaN,NaN,0,0,0.0691333333333333,0.161866666666667,1,89.0342995400987,0.356974479248752,168.0120322826,0,19.42
n300_trolls30_desconectada_medioPR_lam0.50,300,30,0.009506304124427,0.5,desconectada,medioPR,0.1,,0.465200085688305,1.80868265419876,0.468405898238992,16.04,0.720527104066432,0.0305925925925926,0.452476427995101,7.45458692930634e-07,0.427315533579347,0.286276524081609,0.197948663722157,0.0260440494600599,0.00378041980182755,1,1,0,20.74,63.44,NaN,NaN,0,0,0.0691333333333333,0.211466666666667,1,101.752781997493,0.30071873901171,148.292778463064,0,18.34
n300_trolls30_desconectada_altoPR_lam0.50,300,30,0.009506304124427,0.5,desconectada,altoPR,0.1,,0.404191242087882,1.7648904946244,0.454904583491882,15.16,0.681856591571744,0.0882962962962963,0.365920941940208,7.38991504921627e-07,0.335737895189916,0.200069088440327,0.370328039909021,0.0364493931269192,0.00558573988284367,1,1,0,20.74,80.18,NaN,NaN,0,0,0.0691333333333333,0.267266666666667,1,103.532970261472,0.246510930159705,128.07825280677,0,15.74
n300_trolls30_desconectada_bajoPR_lam0.65,300,30,0.009506304124427,0.65,desconectada,bajoPR,0.1,,0.638345641440141,1.76201777059114,0.467659800858526,25,0.769562300752223,0.0112592592592593,0.501500173958388,7.89369229877712e-07,0.484579444660819,0.333125351696021,0.534522483824849,0.0288218336422323,0.00423721465461252,1,1,0,20.74,48.56,NaN,NaN,0,0,0.0691333333333333,0.161866666666667,1,81.6959492480513,0.329070844284733,160.963862844575,0,31.04
n300_trolls30_desconectada_medioPR_lam0.65,300,30,0.009506304124427,0.65,desconectada,medioPR,0.1,,0.604760111394796,1.71462173397334,0.449804383601171,25.3,0.720527104066432,0.0626666666666667,0.382547194888415,8.35266496560516e-07,0.358059574537931,0.210317614570001,0.614451804788759,0.0359031740661725,0.00562368242129024,1,1,0,20.74,63.44,NaN,NaN,0,0,0.0691333333333333,0.211466666666667,1,86.8552426499616,0.246069242692182,129.457920896368,0,28.36
n300_trolls30_desconectada_altoPR_lam0.65,300,30,0.009506304124427,0.65,desconectada,altoPR,0.1,,0.525448614714247,1.62344152759702,0.422428957615577,22.1,0.681856591571744,0.185925925925926,0.225964389994268,7.33827562899303e-07,0.196410885289728,0.0644421042608037,0.543983793275993,0.0443026152602767,0.0076831836487367,1,1,0,20.74,80.18,NaN,NaN,0,0,0.0691333333333333,0.267266666666667,1,78.8034024625869,0.182493115516477,100.821009349207,0,22.3
n300_trolls30_desconectada_bajoPR_lam0.80,300,30,0.009506304124427,0.8,desconectada,bajoPR,0.1,,0.785656174080174,1.65265638181327,0.45118722320695,49.06,0.769562300752223,0.0248148148148148,0.455462813026392,8.64546380748843e-07,0.442744936120204,0.279226251216938,0.766918030369688,0.0304191114105048,0.00695571285737505,1,1,0,20.74,48.56,NaN,NaN,0,0,0.0691333333333333,0.161866666666667,1,73.2876413983311,0.281195061077723,146.183304674112,0,58.18
n300_trolls30_desconectada_medioPR_lam0.80,300,30,0.009506304124427,0.8,desconectada,medioPR,0.1,,0.744320137101288,1.54429752108758,0.409847655560368,45.1,0.720527104066432,0.174296296296296,0.228925857130492,8.70028326110939e-07,0.202613578464422,0.0601433892590708,1.66904592079256,0.0456778692835653,0.00922714583723905,1,1,0,20.74,63.44,NaN,NaN,0,0,0.0691333333333333,0.211466666666667,1,66.2536529665064,0.171502553944532,96.0893936172938,0,48.76
n300_trolls30_desconectada_altoPR_lam0.80,300,30,0.009506304124427,0.8,desconectada,altoPR,0.1,,0.646705987340612,1.34257423456557,0.351571885665621,33.56,0.681856591571744,0.579555555555556,-0.0402736245305639,8.18758575286682e-07,-0.0689678759481168,-0.173821370131449,1.45910232397757,0.0521923466482603,0.0103828397498414,1,1,0,20.74,80.18,NaN,NaN,0,0,0.0691333333333333,0.267266666666667,1,47.7599005705002,0.154263373897986,78.4539978797402,0,33.26
n300_trolls60_desconectada_bajoPR_lam0.20,300,60,0.009506304124427,0.2,desconectada,bajoPR,0.2,,0.192779992824152,1.92874765885957,0.640977563796808,7.02,0.718295484671761,0.00258333333333333,0.522012488670482,4.02674871429476e-07,0.474641891224788,0.223173598107362,0.141421356237309,0.0177387341679537,0.00288329273563488,1,1,0,20.74,74.9,NaN,NaN,0,0,0.0691333333333333,0.249666666666667,1,175.217201766819,0.4593229352741,187.018022234556,0,8
n300_trolls60_desconectada_medioPR_lam0.20,300,60,0.009506304124427,0.2,desconectada,medioPR,0.2,,0.173137393023706,1.9156681819279,0.625877979522771,7.06,0.583718202309989,0.0133333333333333,0.48970377119744,6.0806253847745e-07,0.421424784928784,0.186368083337593,0.239897937482095,0.0222616322495438,0.00323611500597371,1,1,0,20.74,108.9,NaN,NaN,0,0,0.0691333333333333,0.363,1,209.959157088733,0.425196793634316,176.251797917976,0,8.02
n300_trolls60_desconectada_altoPR_lam0.20,300,60,0.009506304124427,0.2,desconectada,altoPR,0.2,,0.12971656899815,1.89832133844825,0.612941921189441,7,0.498497030394781,0.03,0.453374283675147,3.76080392432421e-07,0.378739210183941,0.155025382178575,0,0.0252880432029391,0.00392426371762964,1,1,0,20.74,144.36,NaN,NaN,0,0,0.0691333333333333,0.4812,1,216.50388557603,0.398546062507578,167.535924383557,0,7
n300_trolls60_desconectada_bajoPR_lam0.35,300,60,0.009506304124427,0.35,desconectada,bajoPR,0.2,,0.337364987442265,1.88157575990392,0.62620976406479,10.28,0.718295484671761,0.00708333333333333,0.511791269128441,7.43478183364288e-07,0.458494212449669,0.203776204410546,0.453557367611073,0.0249651580709888,0.00354168717047847,1,1,0,20.74,74.9,NaN,NaN,0,0,0.0691333333333333,0.249666666666667,1,160.885890938365,0.432407949525922,181.408749319594,0,12.8
n300_trolls60_desconectada_medioPR_lam0.35,300,60,0.009506304124427,0.35,desconectada,medioPR,0.2,,0.302990437791485,1.85521725417817,0.598965959470845,11.02,0.583718202309989,0.03875,0.435003024056076,4.68453848623263e-07,0.359192151348187,0.131936382214203,0.141421356237309,0.0265381055416227,0.00419009590606534,1,1,0,20.74,108.9,NaN,NaN,0,0,0.0691333333333333,0.363,1,181.184868073399,0.375046682984113,161.313457004593,0,11.84
n300_trolls60_desconectada_altoPR_lam0.35,300,60,0.009506304124427,0.35,desconectada,altoPR,0.2,,0.227003995746762,1.81450060379699,0.57235122555996,10.02,0.498497030394781,0.0943333333333333,0.348368164934365,4.25678675489705e-07,0.264891268409929,0.0659475344060601,0.14142135623731,0.0337652583592953,0.00526453756592545,1,1,0,20.74,144.36,NaN,NaN,0,0,0.0691333333333333,0.4812,1,171.997997264956,0.330964596688793,144.496769754691,0,9.58
n300_trolls60_desconectada_bajoPR_lam0.50,300,60,0.009506304124427,0.5,desconectada,bajoPR,0.2,,0.481949982060379,1.82342477055283,0.611071091194305,16.02,0.718295484671761,0.0155833333333333,0.488993683379223,6.06370761808694e-07,0.43483155245204,0.176825585301128,0.24660966430903,0.0289617704443839,0.00464337118926966,1,1,0,20.74,74.9,NaN,NaN,0,0,0.0691333333333333,0.249666666666667,1,147.801916605955,0.403526012886595,174.017223019475,0,18.96
n300_trolls60_desconectada_medioPR_lam0.50,300,60,0.009506304124427,0.5,desconectada,medioPR,0.2,,0.432843482559264,1.7761880615135,0.567403141954068,15.94,0.583718202309989,0.0928333333333334,0.345498228498903,6.50169347246044e-07,0.270651363014628,0.057296511052576,0.373073281634303,0.0354362114649245,0.00581577809480888,1,1,0,20.74,108.9,NaN,NaN,0,0,0.0691333333333333,0.363,1,152.469080402985,0.324296803946677,143.596873793563,0,16.94
n300_trolls60_desconectada_altoPR_lam0.50,300,60,0.009506304124427,0.5,desconectada,altoPR,0.2,,0.324291422495375,1.69445866006995,0.521333942071327,13.38,0.498497030394781,0.2255,0.208705379203655,5.6431788283573e-07,0.129459805291303,-0.0531356064004511,0.490314351478015,0.0431229782777109,0.00684139483721904,1,1,0,20.74,144.36,NaN,NaN,0,0,0.0691333333333333,0.4812,1,129.190079653608,0.273916599389456,121.932293737953,0,12.78
n300_trolls60_desconectada_bajoPR_lam0.65,300,60,0.009506304124427,0.65,desconectada,bajoPR,0.2,,0.626534976678492,1.74422351919057,0.59165661278281,25.76,0.718295484671761,0.0313333333333333,0.450528455218694,7.53036019024433e-07,0.398822854204261,0.134352168492767,0.591090310445063,0.0323143089363755,0.0067951062732576,1,1,0,20.74,74.9,NaN,NaN,0,0,0.0691333333333333,0.249666666666667,1,133.95026231321,0.367159872639223,162.769133788578,0,30.08
n300_trolls60_desconectada_medioPR_lam0.65,300,60,0.009506304124427,0.65,desconectada,medioPR,0.2,,0.562696527327043,1.66036532829511,0.521871752282229,23.84,0.583718202309989,0.207166666666667,0.215721981991221,7.61842918718392e-07,0.132571998385869,-0.0538652310099906,0.976457570893432,0.0519074321377252,0.00915602261683271,1,1,0,20.74,108.9,NaN,NaN,0,0,0.0691333333333333,0.363,1,120.216651738174,0.274648561467531,122.176289469639,0,24.94
n300_trolls60_desconectada_altoPR_lam0.65,300,60,0.009506304124427,0.65,desconectada,altoPR,0.2,,0.421578849243987,1.50132916399203,0.447676912903377,17.72,0.498497030394781,0.492166666666667,0.00449403284951981,6.53961159108041e-07,-0.0725468288579419,-0.21788029180278,0.809131557628931,0.0543198875088773,0.00875625468619011,1,1,0,20.74,144.36,NaN,NaN,0,0,0.0691333333333333,0.4812,1,85.8667237365221,0.247544020591472,106.648903709006,0,16.84
n300_trolls60_desconectada_bajoPR_lam0.80,300,60,0.009506304124427,0.8,desconectada,bajoPR,0.2,,0.771119971296606,1.60802594019345,0.553904389312375,48.32,0.718295484671761,0.0788333333333333,0.36420401138091,8.81675407913285e-07,0.314940830426099,0.0487954818703812,1.15068746089156,0.0404427783640143,0.012187304282422,1,1,0,20.74,74.9,NaN,NaN,0,0,0.0691333333333333,0.249666666666667,1,113.598083652734,0.308878574678564,141.326099085074,0,54.56
n300_trolls60_desconectada_medioPR_lam0.80,300,60,0.009506304124427,0.8,desconectada,medioPR,0.2,,0.692549572094823,1.43286912818734,0.436020057763596,38.7,0.583718202309989,0.5465,-0.0266244028298974,8.32311946942776e-07,-0.112659307065765,-0.244359799118483,3.15096357144468,0.0764884142000995,0.0156960791587949,1,1,0,20.74,108.9,NaN,NaN,0,0,0.0691333333333333,0.363,1,77.5876867563211,0.249941045996147,106.426003223914,0,39.52
n300_trolls60_desconectada_altoPR_lam0.80,300,60,0.009506304124427,0.8,desconectada,altoPR,0.2,,0.518866275992599,1.15029249507836,0.327945264356114,23.82,0.498497030394781,0.956416666666666,-0.302126077373081,7.16684569846068e-07,-0.367734973043787,-0.456756332114179,1.49406991066656,0.0632776553541904,0.0100843893293188,1,1,0,20.74,144.36,NaN,NaN,0,0,0.0691333333333333,0.4812,1,41.4521193521563,0.31619372764754,138.274519287023,0,22.38
n300_trolls90_desconectada_bajoPR_lam0.20,300,90,0.009506304124427,0.2,desconectada,bajoPR,0.3,,0.18963088605541,1.92674814940934,0.72085750825986,7,0.700139247837133,0.00314285714285714,0.518105937155562,4.67552910577151e-07,0.409286818889238,0.0654276875030021,0,0.0181697660175046,0.00432473632034383,1,1,0,20.74,96.52,NaN,NaN,0,0,0.0691333333333333,0.321733333333333,1,220.730268644041,0.522243024287421,199.685426517899,0,8
n300_trolls90_desconectada_medioPR_lam0.20,300,90,0.009506304124427,0.2,desconectada,medioPR,0.3,,0.161958122205522,1.90238171036076,0.692213547937117,7.1,0.451018698257513,0.0257142857142857,0.463568456486217,6.2324732750807e-07,0.326507333624759,0.0160573073168384,0.303045763365663,0.0246174853326301,0.00453627650450524,1,1,0,20.74,158.18,NaN,NaN,0,0,0.0691333333333333,0.527266666666667,1,257.010628656217,0.477888468322158,185.424051029427,0,7.64
n300_trolls90_desconectada_altoPR_lam0.20,300,90,0.009506304124427,0.2,desconectada,altoPR,0.3,,0.108074155137844,1.87779544525729,0.67221838312073,6.94,0.33517008595656,0.0433333333333333,0.412684263596311,2.50194712541896e-07,0.271242088295163,-0.0168759329530466,0.239897937482095,0.026661963023701,0.00513175676571548,1,1,0,20.74,200.98,NaN,NaN,0,0,0.0691333333333333,0.669933333333333,1,229.876412384366,0.450743904572522,176.302409571892,0,6.12
n300_trolls90_desconectada_bajoPR_lam0.35,300,90,0.009506304124427,0.35,desconectada,bajoPR,0.3,,0.331854050596968,1.87819035417027,0.703006211883372,10.8,0.700139247837133,0.00819047619047619,0.50008161888142,5.10337884331302e-07,0.38646481132211,0.0434781490724864,0.404061017820884,0.0256810580204957,0.00535854559463823,1,1,0,20.74,96.52,NaN,NaN,0,0,0.0691333333333333,0.321733333333333,1,203.783008444079,0.494553700928256,193.298519653099,0,12.38
n300_trolls90_desconectada_medioPR_lam0.35,300,90,0.009506304124427,0.35,desconectada,medioPR,0.3,,0.283426713859663,1.83765427158725,0.651153040559616,10.94,0.451018698257513,0.0747619047619048,0.373360879096791,4.52067363110875e-07,0.226362737086838,-0.0504505371633121,0.313635691430002,0.0329990624030084,0.00533799210055523,1,1,0,20.74,158.18,NaN,NaN,0,0,0.0691333333333333,0.527266666666667,1,215.968115004779,0.425226230636645,167.879045569968,0,11.14
n300_trolls90_desconectada_altoPR_lam0.35,300,90,0.009506304124427,0.35,desconectada,altoPR,0.3,,0.189129771491228,1.78085994194504,0.610973766450776,9.16,0.33517008595656,0.148476190476191,0.265462696032514,5.20593741505371e-07,0.132556935497474,-0.115857160536019,0.370328039909021,0.0397047878523749,0.00699886071333869,1,1,0,20.74,200.98,NaN,NaN,0,0,0.0691333333333333,0.669933333333333,1,175.567105017026,0.38561925833843,151.699304000991,0,8.64
n300_trolls90_desconectada_bajoPR_lam0.50,300,90,0.009506304124427,0.5,desconectada,bajoPR,0.3,,0.474077215138526,1.817271998205,0.682253498829666,16.04,0.700139247837133,0.021047619047619,0.466480609088834,6.93554403734531e-07,0.354488268655083,0.0126789569533666,0.197948663722157,0.0299968224495235,0.00703472752267954,1,1,0,20.74,96.52,NaN,NaN,0,0,0.0691333333333333,0.321733333333333,1,186.77212662165,0.464249702245958,184.688967011941,0,18.66
n300_trolls90_desconectada_medioPR_lam0.50,300,90,0.009506304124427,0.5,desconectada,medioPR,0.3,,0.404895305513805,1.75022682071577,0.601550859253068,15.32,0.451018698257513,0.175619047619048,0.250018185440273,7.03900301691762e-07,0.102305383050662,-0.137290255092632,0.586932530976404,0.0414789309448,0.00723897008080893,1,1,0,20.74,158.18,NaN,NaN,0,0,0.0691333333333333,0.527266666666667,1,174.260708425789,0.379669308971433,149.981744697006,0,15.76
n300_trolls90_desconectada_altoPR_lam0.50,300,90,0.009506304124427,0.5,desconectada,altoPR,0.3,,0.27018538784461,1.63579314336818,0.536310376226898,11.98,0.33517008595656,0.363809523809524,0.0981486049353155,5.21536622198338e-07,-0.0541705754752127,-0.239455926879517,0.473372615022311,0.0556114066163479,0.00902267252970265,1,1,0,20.74,200.98,NaN,NaN,0,0,0.0691333333333333,0.669933333333333,1,124.686036952488,0.344249024463933,133.538568828214,0,11
n300_trolls90_desconectada_bajoPR_lam0.65,300,90,0.009506304124427,0.65,desconectada,bajoPR,0.3,,0.616300379680084,1.72817383944374,0.652720620779433,25.8,0.700139247837133,0.0492380952380952,0.411098841174229,7.32760772000907e-07,0.301400453779719,-0.0360406142004617,0.571428571428572,0.0385190341472425,0.0102220041861389,1,1,0,20.74,96.52,NaN,NaN,0,0,0.0691333333333333,0.321733333333333,1,166.628606876624,0.426298108560325,171.959291895665,0,29.14
n300_trolls90_desconectada_medioPR_lam0.65,300,90,0.009506304124427,0.65,desconectada,medioPR,0.3,,0.526363897167946,1.61256809979729,0.532622855052611,22.3,0.451018698257513,0.389333333333333,0.0741983483494938,7.3056085832246e-07,-0.0759462362854564,-0.258153861656436,1.38873014965883,0.0595339371953929,0.0111893860867086,1,1,0,20.74,158.18,NaN,NaN,0,0,0.0691333333333333,0.527266666666667,1,128.436359892778,0.349719936302638,135.695551545242,0,22.46
n300_trolls90_desconectada_altoPR_lam0.65,300,90,0.009506304124427,0.65,desconectada,altoPR,0.3,,0.351241004197994,1.40864069249539,0.438133879023574,15.2,0.33517008595656,0.712095238095238,-0.126209071960285,5.94269504770387e-07,-0.278452000639574,-0.39706810117747,0.947607082958686,0.0663132188257664,0.0106501632242146,1,1,0,20.74,200.98,NaN,NaN,0,0,0.0691333333333333,0.669933333333333,1,76.5696775524319,0.349299786384113,134.755990414865,0,13.98
n300_trolls90_desconectada_bajoPR_lam0.80,300,90,0.009506304124427,0.8,desconectada,bajoPR,0.3,,0.758523544221642,1.57562010786797,0.594336667435805,46.9,0.700139247837133,0.135142857142857,0.290845996158265,8.78463402435026e-07,0.165915845968439,-0.132565553284374,1.56817845715001,0.0491416567220941,0.0176968200006538,1,1,0,20.74,96.52,NaN,NaN,0,0,0.0691333333333333,0.321733333333333,1,134.731454645005,0.370718020516308,149.454114954046,0,51.32
n300_trolls90_desconectada_medioPR_lam0.80,300,90,0.009506304124427,0.8,desconectada,medioPR,0.3,,0.647832488822089,1.35527362991958,0.41757859294152,34.12,0.451018698257513,0.790095238095238,-0.200851033554328,7.99096534411826e-07,-0.337980314253167,-0.444723740174162,4.01344678574923,0.0881720008610608,0.0176869429365514,1,1,0,20.74,158.18,NaN,NaN,0,0,0.0691333333333333,0.527266666666667,1,73.6903165176482,0.372269605778548,144.440579068939,0,33.74
n300_trolls90_desconectada_altoPR_lam0.80,300,90,0.009506304124427,0.8,desconectada,altoPR,0.3,,0.432296620551377,1.02921600041671,0.299943126461417,19.2,0.33517008595656,0.995142857142857,-0.426847899068496,6.85658979636744e-07,-0.543613095216453,-0.603484992338106,1.41421356237309,0.0646867217461192,0.0105402422159644,1,1,0,20.74,200.98,NaN,NaN,0,0,0.0691333333333333,0.669933333333333,1,33.0153411744379,0.454145812799195,181.154904174497,0,17.54
n300_trolls0_umbral_bajoPR_lam0.20,300,0,0.019012608248854,0.2,umbral,bajoPR,0,,0.2,0.829553457223214,0.20470007104079,5.96,NaN,0,0.53004962395777,1.89460531367924e-07,0.53004962395777,0.552072654958611,0.197948663722157,0.0178476284423887,0.00103646615107105,1,1,0.48,1.76,1.76,1,1,0.48,0.48,0.00586666666666667,0.00586666666666667,1,24.0160032960744,0.346549479558598,165.621796487583,0,8
n300_trolls0_umbral_medioPR_lam0.20,300,0,0.019012608248854,0.2,umbral,medioPR,0,,0.2,0.829553457223214,0.20470007104079,5.96,NaN,0,0.53004962395777,1.89460531367924e-07,0.53004962395777,0.552072654958611,0.197948663722157,0.0178476284423887,0.00103646615107105,1,1,0.48,1.76,1.76,1,1,0.48,0.48,0.00586666666666667,0.00586666666666667,1,24.0160032960744,0.346549479558598,165.621796487583,0,8
n300_trolls0_umbral_altoPR_lam0.20,300,0,0.019012608248854,0.2,umbral,altoPR,0,,0.2,0.829553457223214,0.20470007104079,5.96,NaN,0,0.53004962395777,1.89460531367924e-07,0.53004962395777,0.552072654958611,0.197948663722157,0.0178476284423887,0.00103646615107105,1,1,0.48,1.76,1.76,1,1,0.48,0.48,0.00586666666666667,0.00586666666666667,1,24.0160032960744,0.346549479558598,165.621796487583,0,8
n300_trolls0_umbral_bajoPR_lam0.35,300,0,0.019012608248854,0.35,umbral,bajoPR,0,,0.350000000000001,0.709578861521474,0.167743353991484,7.72,NaN,0,0.540786982593783,4.25359733339792e-07,0.540786982593783,0.552242190321445,0.453557367611073,0.026045050387789,0.0015194791096318,1,1,0.48,1.76,1.76,1,1,0.48,0.48,0.00586666666666667,0.00586666666666667,1,15.5777059707333,0.333023067238009,165.672657096434,0,12
n300_trolls0_umbral_medioPR_lam0.35,300,0,0.019012608248854,0.35,umbral,medioPR,0,,0.350000000000001,0.709578861521474,0.167743353991484,7.72,NaN,0,0.540786982593783,4.25359733339792e-07,0.540786982593783,0.552242190321445,0.453557367611073,0.026045050387789,0.0015194791096318,1,1,0.48,1.76,1.76,1,1,0.48,0.48,0.00586666666666667,0.00586666666666667,1,15.5777059707333,0.333023067238009,165.672657096434,0,12
n300_trolls0_umbral_altoPR_lam0.35,300,0,0.019012608248854,0.35,umbral,altoPR,0,,0.350000000000001,0.709578861521474,0.167743353991484,7.72,NaN,0,0.540786982593783,4.25359733339792e-07,0.540786982593783,0.552242190321445,0.453557367611073,0.026045050387789,0.0015194791096318,1,1,0.48,1.76,1.76,1,1,0.48,0.48,0.00586666666666667,0.00586666666666667,1,15.5777059707333,0.333023067238009,165.672657096434,0,12
n300_trolls0_umbral_bajoPR_lam0.50,300,0,0.019012608248854,0.5,umbral,bajoPR,0,,0.5,0.57858143778299,0.130825417976243,9.64,NaN,0,0.547508877342416,5.22494535742934e-07,0.547508877342416,0.552400204204436,0.484873221385061,0.0290853080880034,0.0017353410678268,1,1,0.48,1.76,1.76,1,1,0.48,0.48,0.00586666666666667,0.00586666666666667,1,9.14164067513931,0.322217971082212,165.720061261331,0,19
n300_trolls0_umbral_medioPR_lam0.50,300,0,0.019012608248854,0.5,umbral,medioPR,0,,0.5,0.57858143778299,0.130825417976243,9.64,NaN,0,0.547508877342416,5.22494535742934e-07,0.547508877342416,0.552400204204436,0.484873221385061,0.0290853080880034,0.0017353410678268,1,1,0.48,1.76,1.76,1,1,0.48,0.48,0.00586666666666667,0.00586666666666667,1,9.14164067513931,0.322217971082212,165.720061261331,0,19
n300_trolls0_umbral_altoPR_lam0.50,300,0,0.019012608248854,0.5,umbral,altoPR,0,,0.5,0.57858143778299,0.130825417976243,9.64,NaN,0,0.547508877342416,5.22494535742934e-07,0.547508877342416,0.552400204204436,0.484873221385061,0.0290853080880034,0.0017353410678268,1,1,0.48,1.76,1.76,1,1,0.48,0.48,0.00586666666666667,0.00586666666666667,1,9.14164067513931,0.322217971082212,165.720061261331,0,19
n300_trolls0_umbral_bajoPR_lam0.65,300,0,0.019012608248854,0.65,umbral,bajoPR,0,,0.650000000000001,0.431655988937632,0.0933855892531769,11.9,NaN,0,0.551743538331947,5.3397784845699e-07,0.551743538331947,0.552539858598684,0.462910049886276,0.0262203009931548,0.00165633984055581,1,1,0.48,1.76,1.76,1,1,0.48,0.48,0.00586666666666667,0.00586666666666667,1,4.48798356297574,0.314013049044715,165.761957579605,0,30.1
n300_trolls0_umbral_medioPR_lam0.65,300,0,0.019012608248854,0.65,umbral,medioPR,0,,0.650000000000001,0.431655988937632,0.0933855892531769,11.9,NaN,0,0.551743538331947,5.3397784845699e-07,0.551743538331947,0.552539858598684,0.462910049886276,0.0262203009931548,0.00165633984055581,1,1,0.48,1.76,1.76,1,1,0.48,0.48,0.00586666666666667,0.00586666666666667,1,4.48798356297574,0.314013049044715,165.761957579605,0,30.1
n300_trolls0_umbral_altoPR_lam0.65,300,0,0.019012608248854,0.65,umbral,altoPR,0,,0.650000000000001,0.431655988937632,0.0933855892531769,11.9,NaN,0,0.551743538331947,5.3397784845699e-07,0.551743538331947,0.552539858598684,0.462910049886276,0.0262203009931548,0.00165633984055581,1,1,0.48,1.76,1.76,1,1,0.48,0.48,0.00586666666666667,0.00586666666666667,1,4.48798356297574,0.314013049044715,165.761957579605,0,30.1
n300_trolls0_umbral_bajoPR_lam0.80,300,0,0.019012608248854,0.8,umbral,bajoPR,0,,0.800000000000001,0.264319508481019,0.0547710235372857,14.36,NaN,0,0.553334850196159,6.3778808061743e-07,0.553334850196159,0.552651530023325,0.52527932316715,0.0177748817211017,0.00123590729394251,1,1,0.48,1.76,1.76,1,1,0.48,0.48,0.00586666666666667,0.00586666666666667,1,1.48530701566665,0.308443070035392,165.795459006998,0,59
n300_trolls0_umbral_medioPR_lam0.80,300,0,0.019012608248854,0.8,umbral,medioPR,0,,0.800000000000001,0.264319508481019,0.0547710235372857,14.36,NaN,0,0.553334850196159,6.3778808061743e-07,0.553334850196159,0.552651530023325,0.52527932316715,0.0177748817211017,0.00123590729394251,1,1,0.48,1.76,1.76,1,1,0.48,0.48,0.00586666666666667,0.00586666666666667,1,1.48530701566665,0.308443070035392,165.795459006998,0,59
n300_trolls0_umbral_altoPR_lam0.80,300,0,0.019012608248854,0.8,umbral,altoPR,0,,0.800000000000001,0.264319508481019,0.0547710235372857,14.36,NaN,0,0.553334850196159,6.3778808061743e-07,0.553334850196159,0.552651530023325,0.52527932316715,0.0177748817211017,0.00123590729394251,1,1,0.48,1.76,1.76,1,1,0.48,0.48,0.00586666666666667,0.00586666666666667,1,1.48530701566665,0.308443070035392,165.795459006998,0,59
n300_trolls30_umbral_bajoPR_lam0.20,300,30,0.019012608248854,0.2,umbral,bajoPR,0.1,,0.191146589555319,1.91415400513497,0.500433326393158,6.76,0.849092938717995,0.00037037037037037,0.516725735899777,3.8155611627011e-07,0.49882608143883,0.379172188799745,0.4314191105869,0.0140032162849436,0.00201525912345515,1,1,0,1.76,32.26,1,NaN,0.48,0,0.00586666666666667,0.107533333333333,1,119.393737823932,0.393403015042007,173.753471875692,0,8
n300_trolls30_umbral_medioPR_lam0.20,300,30,0.019012608248854,0.2,umbral,medioPR,0.1,,0.181890409884623,1.90989491050406,0.49686277028685,7,0.795947112678138,0.00162962962962963,0.506842627702858,3.04980445803849e-07,0.487446061694442,0.364931707603546,0,0.0176239096132717,0.00158301171360886,1,1,0,1.76,32.74,1,NaN,0.48,0,0.00586666666666667,0.109133333333333,1,139.564577257286,0.379252432819911,169.501419023102,0,8
n300_trolls30_umbral_altoPR_lam0.20,300,30,0.019012608248854,0.2,umbral,altoPR,0.1,,0.168741210662241,1.90080735233681,0.492840653726633,7,0.729954679430318,0.00562962962962963,0.491538494935019,3.55142033352518e-07,0.469913916616479,0.346553251718433,0,0.0173544084536296,0.00196668116556162,1,1,0,1.76,35.14,1,NaN,0.48,0,0.00586666666666667,0.117133333333333,1,158.178570392059,0.362207304842778,164.09784854925,0,7.94
n300_trolls30_umbral_bajoPR_lam0.35,300,30,0.019012608248854,0.35,umbral,bajoPR,0.1,,0.334506531721807,1.85125766979021,0.483597135134823,10,0.849092938717995,0.000666666666666667,0.511535531453495,7.40209182826801e-07,0.493106227560543,0.360304317349069,0,0.0205412685561226,0.00219650037083226,1,1,0,1.76,32.26,1,NaN,0.48,0,0.00586666666666667,0.107533333333333,1,108.090954771507,0.36294391770172,168.099187432766,0,12
n300_trolls30_umbral_medioPR_lam0.35,300,30,0.019012608248854,0.35,umbral,medioPR,0.1,,0.31830821729809,1.84074985141167,0.47620808846846,10.74,0.795947112678138,0.00362962962962963,0.485444693119509,5.02171596148959e-07,0.462694779205816,0.330097266012125,0.443087497693452,0.0234001037787227,0.0020057184809441,1,1,0,1.76,32.74,1,NaN,0.48,0,0.00586666666666667,0.109133333333333,1,124.489800296236,0.335018919865922,159.142535330248,0,12
n300_trolls30_umbral_altoPR_lam0.35,300,30,0.019012608248854,0.35,umbral,altoPR,0.1,,0.295297118658921,1.82092126351567,0.468505661896186,10.1,0.729954679430318,0.0146666666666667,0.448330637173915,8.68619833732376e-07,0.420501170166601,0.292984674110942,0.303045763365663,0.023876333921988,0.00253770874994996,1,1,0,1.76,35.14,1,NaN,0.48,0,0.00586666666666667,0.117133333333333,1,137.564796032921,0.30464968652055,148.558517392914,0,11.22
n300_trolls30_umbral_bajoPR_lam0.50,300,30,0.019012608248854,0.5,umbral,bajoPR,0.1,,0.477866473888297,1.77954337705505,0.466763869308344,16,0.849092938717995,0.00162962962962963,0.488712670095838,5.66963778177998e-07,0.470719538280327,0.331964803888102,0,0.0220486980525258,0.0024152386536709,1,1,0,1.76,32.26,1,NaN,0.48,0,0.00586666666666667,0.107533333333333,1,97.8877685042188,0.327395075665846,159.624218814029,0,18.16
n300_trolls30_umbral_medioPR_lam0.50,300,30,0.019012608248854,0.5,umbral,medioPR,0.1,,0.454726024711558,1.75252788035972,0.453612947038448,16,0.795947112678138,0.00933333333333333,0.433935552112303,5.75637913216021e-07,0.409461929340847,0.278251772373674,0,0.0268687948565944,0.00242580942441668,1,1,0,1.76,32.74,1,NaN,0.48,0,0.00586666666666667,0.109133333333333,1,109.626699517536,0.282552654789832,143.870983427437,0,17.4
n300_trolls30_umbral_altoPR_lam0.50,300,30,0.019012608248854,0.5,umbral,altoPR,0.1,,0.421853026655602,1.71598162984074,0.440189151986852,15,0.729954679430318,0.0362962962962963,0.366136245711405,7.77284609900231e-07,0.336496481129535,0.214697796294952,0,0.027172025838203,0.00309084599521643,1,1,0,1.76,35.14,1,NaN,0.48,0,0.00586666666666667,0.117133333333333,1,116.369876977056,0.239292682456006,126.703450496005,0,16.18
n300_trolls30_umbral_bajoPR_lam0.65,300,30,0.019012608248854,0.65,umbral,bajoPR,0.1,,0.621226416054785,1.68469584933638,0.446380008997799,25,0.849092938717995,0.0042962962962963,0.441041607965622,9.31033963906813e-07,0.423837799085964,0.283515045542073,0,0.022739816059644,0.00286969604416919,1,1,0,1.76,32.26,1,NaN,0.48,0,0.00586666666666667,0.107533333333333,1,87.2750610093742,0.279063397528325,145.195331240344,0,28.72
n300_trolls30_umbral_medioPR_lam0.65,300,30,0.019012608248854,0.65,umbral,medioPR,0.1,,0.591143832125025,1.62537516077376,0.423062055318111,24.38,0.795947112678138,0.0274814814814815,0.341422434035629,8.27966969662031e-07,0.318690650966555,0.192438904400739,0.490314351478015,0.0307871367068577,0.00293748525577505,1,1,0,1.76,32.74,1,NaN,0.48,0,0.00586666666666667,0.109133333333333,1,92.4777116230705,0.215488391336652,119.183560752529,0,26.48
n300_trolls30_umbral_altoPR_lam0.65,300,30,0.019012608248854,0.65,umbral,altoPR,0.1,,0.548408934652282,1.55786954214269,0.399672197607767,22.5,0.729954679430318,0.105259259259259,0.231325942794202,7.47749851977564e-07,0.207352351736661,0.0908205139413888,0.505076272276105,0.0276308906395835,0.00369585582776164,1,1,0,1.76,35.14,1,NaN,0.48,0,0.00586666666666667,0.117133333333333,1,91.5596416929099,0.167588836598306,94.6257822221492,0,23.64
n300_trolls30_umbral_bajoPR_lam0.80,300,30,0.019012608248854,0.8,umbral,bajoPR,0.1,,0.764586358221274,1.52440645772191,0.409884785126923,47.14,0.849092938717995,0.021037037037037,0.334202630779314,8.72347887560521e-07,0.319391931659115,0.178452286964546,0.404565778814466,0.0237640623499196,0.00433994714600853,1,1,0,1.76,32.26,1,NaN,0.48,0,0.00586666666666667,0.107533333333333,1,71.9366565487079,0.19952387108737,114.456329425469,0,51.5
n300_trolls30_umbral_medioPR_lam0.80,300,30,0.019012608248854,0.8,umbral,medioPR,0.1,,0.727561639538493,1.40001633914439,0.365945757533568,42.12,0.795947112678138,0.158666666666667,0.157716054525356,8.42100542946533e-07,0.138822510720373,0.0217811137489649,0.435187034620795,0.0349669141749286,0.00377216378735767,1,1,0,1.76,32.74,1,NaN,0.48,0,0.00586666666666667,0.109133333333333,1,67.0358174206831,0.134056191639792,75.3127347515451,0,44.26
n300_trolls30_umbral_altoPR_lam0.80,300,30,0.019012608248854,0.8,umbral,altoPR,0.1,,0.674964842648963,1.26392056908049,0.325285697588479,35.5,0.729954679430318,0.539925925925926,-0.0130195533304106,8.14182399903884e-07,-0.0343002318525653,-0.132033526588406,0.677630927178938,0.0287647088014972,0.00436927948623024,1,1,0,1.76,35.14,1,NaN,0.48,0,0.00586666666666667,0.117133333333333,1,57.6830176628252,0.123110529334853,62.1670866096191,0,36.44
n300_trolls60_umbral_bajoPR_lam0.20,300,60,0.019012608248854,0.2,umbral,bajoPR,0.2,,0.182095990035979,1.90513461374814,0.634690255181012,7,0.768064749594145,0.00183333333333333,0.50598261043465,3.0282842117868e-07,0.456583133875311,0.211371543478397,0,0.0175575408478766,0.00300995929589075,1,1,0,1.76,62.5,1,NaN,0.48,0,0.00586666666666667,0.208333333333333,1,191.407447016983,0.446214870004445,183.436175081064,0,8
n300_trolls60_umbral_medioPR_lam0.20,300,60,0.019012608248854,0.2,umbral,medioPR,0.2,,0.163511939079052,1.89224179643765,0.623254372560372,7,0.59992859983804,0.00533333333333333,0.483676969024334,3.55749748207068e-07,0.41943148561357,0.185976106026097,0,0.0223044480810227,0.00269814233485373,1,1,0,1.76,64.48,1,NaN,0.48,0,0.00586666666666667,0.214933333333333,1,220.791074379675,0.421782210085896,175.900542342794,0,7.3
n300_trolls60_umbral_altoPR_lam0.20,300,60,0.019012608248854,0.2,umbral,altoPR,0.2,,0.139192357704956,1.86961427891701,0.610785951581001,7,0.413568782548435,0.0191666666666667,0.446829598762409,2.32732874596575e-07,0.384713733955792,0.157156596979525,0,0.0265783210472976,0.00305989147161659,1,1,0,1.76,72.26,1,NaN,0.48,0,0.00586666666666667,0.240866666666667,1,234.610667045837,0.396560163101155,167.622707421402,0,7
n300_trolls60_umbral_bajoPR_lam0.35,300,60,0.019012608248854,0.35,umbral,bajoPR,0.2,,0.318667982562962,1.83490737382567,0.612553131469919,10.6,0.768064749594145,0.00391666666666667,0.481693452863554,5.92346540384536e-07,0.422589135881316,0.179043246484736,0.494871659305393,0.0220876026457484,0.00348551213929282,1,1,0,1.76,62.5,1,NaN,0.48,0,0.00586666666666667,0.208333333333333,1,174.193087384908,0.406088740965809,173.801639555847,0,12
n300_trolls60_umbral_medioPR_lam0.35,300,60,0.019012608248854,0.35,umbral,medioPR,0.2,,0.286145893388341,1.80648650910032,0.589700568664211,10.06,0.59992859983804,0.0178333333333333,0.419342239870671,8.08340914652261e-07,0.354157463858734,0.127656189579873,0.239897937482095,0.0265943571746265,0.00322696715165038,1,1,0,1.76,64.48,1,NaN,0.48,0,0.00586666666666667,0.214933333333333,1,192.52626492141,0.362936725480413,158.801905116213,0,11
n300_trolls60_umbral_altoPR_lam0.35,300,60,0.019012608248854,0.35,umbral,altoPR,0.2,,0.243586625983674,1.76870044969645,0.566248647703511,10,0.413568782548435,0.0551666666666667,0.349519643670724,3.36986853378685e-07,0.282307283803171,0.0728820261858543,0,0.0329406820007312,0.00365753500989767,1,1,0,1.76,72.26,1,NaN,0.48,0,0.00586666666666667,0.240866666666667,1,194.065190222833,0.324947195688863,144.096235575964,0,10
n300_trolls60_umbral_bajoPR_lam0.50,300,60,0.019012608248854,0.5,umbral,bajoPR,0.2,,0.455239975089946,1.75043603313453,0.58558217958428,16,0.768064749594145,0.00991666666666667,0.427704536177504,5.74730078932717e-07,0.369757185522075,0.131855622295114,0,0.0211397283169303,0.00431860682631627,1,1,0,1.76,62.5,1,NaN,0.48,0,0.00586666666666667,0.208333333333333,1,155.859023380823,0.359244130593612,159.846922551489,0,17.3
n300_trolls60_umbral_medioPR_lam0.50,300,60,0.019012608248854,0.5,umbral,medioPR,0.2,,0.40877984769763,1.68983494771921,0.547339558489122,15,0.59992859983804,0.04825,0.316168903928067,5.9833141470067e-07,0.256095004013994,0.0459231607299421,0,0.0336319698977675,0.00405996243102782,1,1,0,1.76,64.48,1,NaN,0.48,0,0.00586666666666667,0.214933333333333,1,161.484700093783,0.300764226322921,135.813616493032,0,15.78
n300_trolls60_umbral_altoPR_lam0.50,300,60,0.019012608248854,0.5,umbral,altoPR,0.2,,0.347980894262391,1.6237128407871,0.51030894255396,13.12,0.413568782548435,0.1455,0.212361557056128,7.5322856144755e-07,0.151122262948435,-0.0398278622221163,0.328260722659316,0.0372806473051315,0.00448170427958969,1,1,0,1.76,72.26,1,NaN,0.48,0,0.00586666666666667,0.240866666666667,1,151.276611808792,0.261234689681625,116.555019478412,0,13.48
n300_trolls60_umbral_bajoPR_lam0.65,300,60,0.019012608248854,0.65,umbral,bajoPR,0.2,,0.59181196761693,1.62915853933132,0.546085478787988,24.46,0.768064749594145,0.032,0.335559824780156,7.98546095079899e-07,0.282744035898164,0.0550247059834297,0.503457433905888,0.0231587722427062,0.00586492365297971,1,1,0,1.76,62.5,1,NaN,0.48,0,0.00586666666666667,0.208333333333333,1,132.964581369136,0.300419936661501,137.700539986029,0,26.44
n300_trolls60_umbral_medioPR_lam0.65,300,60,0.019012608248854,0.65,umbral,medioPR,0.2,,0.531413802006919,1.51816885369766,0.485988756810259,21.7,0.59992859983804,0.17825,0.163929705545146,7.39929636629499e-07,0.108355509541323,-0.0775361414683326,0.462910049886276,0.0437801848678109,0.00522068237260369,1,1,0,1.76,64.48,1,NaN,0.48,0,0.00586666666666667,0.214933333333333,1,123.88870843111,0.241521159721629,105.878575066652,0,22.36
n300_trolls60_umbral_altoPR_lam0.65,300,60,0.019012608248854,0.65,umbral,altoPR,0.2,,0.452375162541108,1.40136170631185,0.432719788530742,18.1,0.413568782548435,0.455833333333333,0.0187665458373461,6.95321841498037e-07,-0.0365567827510971,-0.197339484367717,0.303045763365663,0.0421808436308775,0.00536421398499697,1,1,0,1.76,72.26,1,NaN,0.48,0,0.00586666666666667,0.240866666666667,1,104.159420507592,0.225708154587361,93.7862971349789,0,18.1
n300_trolls60_umbral_bajoPR_lam0.80,300,60,0.019012608248854,0.8,umbral,bajoPR,0.2,,0.728383960143914,1.40420311026314,0.470613296839923,42.16,0.768064749594145,0.18325,0.153431381792947,8.60878347654359e-07,0.101256118907289,-0.0959392631476445,0.817162836918577,0.0280226165049216,0.00882190810140418,1,1,0,1.76,62.5,1,NaN,0.48,0,0.00586666666666667,0.208333333333333,1,97.045050050057,0.230334399199478,100.169434424942,0,44.34
n300_trolls60_umbral_medioPR_lam0.80,300,60,0.019012608248854,0.8,umbral,medioPR,0.2,,0.654047756316208,1.21447986396302,0.380675567169878,33.3,0.59992859983804,0.754083333333333,-0.0981587748534196,7.99120567796102e-07,-0.14795238067411,-0.286995415741116,0.646813224152673,0.0517504571592507,0.0064848865215553,1,1,0,1.76,64.48,1,NaN,0.48,0,0.00586666666666667,0.214933333333333,1,73.921425844843,0.226962231400345,94.3893550947246,0,33.72
n300_trolls60_umbral_altoPR_lam0.80,300,60,0.019012608248854,0.8,umbral,altoPR,0.2,,0.556769430819826,1.03426436520458,0.313240766267695,25.08,0.413568782548435,0.990666666666667,-0.276070690531812,7.58701138030152e-07,-0.319624036670932,-0.431470042087748,0.723934826246853,0.0393817148095527,0.00569570706869841,1,1,0,1.76,72.26,1,NaN,0.48,0,0.00586666666666667,0.240866666666667,1,52.1773241961907,0.284113577274733,129.565799574561,0,24.72
n300_trolls90_umbral_bajoPR_lam0.20,300,90,0.019012608248854,0.2,umbral,bajoPR,0.3,,0.173818213965351,1.8965889260195,0.709697630122069,7,0.686516087617269,0.00380952380952381,0.493888621538231,3.50301215405469e-07,0.386805830800455,0.0483699216868047,0,0.0206783375252278,0.00454018388538163,1,1,0,1.76,91.9,1,NaN,0.48,0,0.00586666666666667,0.306333333333333,1,242.3236388764,0.504400816840437,194.56908616628,0,8
n300_trolls90_umbral_medioPR_lam0.20,300,90,0.019012608248854,0.2,umbral,medioPR,0.3,,0.144944514991206,1.86900422794932,0.688841512764269,7,0.384700690105825,0.0163809523809524,0.450056463909534,2.92697518087526e-07,0.33468871068042,0.0146385549037705,0,0.0251998650886715,0.00349148962024939,1,1,0,1.76,98.22,1,NaN,0.48,0,0.00586666666666667,0.3274,1,273.505629394814,0.473181196729092,184.678786477842,0,7
n300_trolls90_umbral_altoPR_lam0.20,300,90,0.019012608248854,0.2,umbral,altoPR,0.3,,0.114221093910296,1.83559152077864,0.669474730608204,6.22,0.164422808330922,0.0368571428571429,0.404498685920607,6.68530777170329e-07,0.289079692421462,-0.0165602143003701,0.41845195759648,0.0249063549262331,0.00372320010447669,1,1,0,1.76,110.24,1,NaN,0.48,0,0.00586666666666667,0.367466666666667,1,262.18012100713,0.447025456509802,175.865441924511,0,6.18
n300_trolls90_umbral_bajoPR_lam0.35,300,90,0.019012608248854,0.35,umbral,bajoPR,0.3,,0.304181874439364,1.81976880490181,0.67997832213327,10.66,0.686516087617269,0.00990476190476191,0.450758243363376,5.39961999563299e-07,0.334880233256481,0.00887725432271243,0.478518120698406,0.0236221962962417,0.00523367467130182,1,1,0,1.76,91.9,1,NaN,0.48,0,0.00586666666666667,0.306333333333333,1,218.171336549018,0.460996296758926,182.877864152106,0,11.44
n300_trolls90_umbral_medioPR_lam0.35,300,90,0.019012608248854,0.35,umbral,medioPR,0.3,,0.25365290123461,1.7705700561274,0.639091321416684,10,0.384700690105825,0.0451428571428571,0.352571237988098,4.79724552927829e-07,0.235889517230242,-0.057631812790496,0,0.0292172966467318,0.00395427404648908,1,1,0,1.76,98.22,1,NaN,0.48,0,0.00586666666666667,0.3274,1,230.264223928313,0.410455826533354,164.135716959551,0,10.02
n300_trolls90_umbral_altoPR_lam0.35,300,90,0.019012608248854,0.35,umbral,altoPR,0.3,,0.199886914343017,1.70583648343803,0.604583907959796,9,0.164422808330922,0.101333333333333,0.273116579914018,3.9362900242923e-07,0.154223279053737,-0.113433470468189,0,0.0277117366323753,0.00413190114363105,1,1,0,1.76,110.24,1,NaN,0.48,0,0.00586666666666667,0.367466666666667,1,206.958244763725,0.377232106243614,149.936443227161,0,8.98
n300_trolls90_umbral_bajoPR_lam0.50,300,90,0.019012608248854,0.5,umbral,bajoPR,0.3,,0.434545534913378,1.72455849445294,0.64143978270777,15.42,0.686516087617269,0.0261904761904762,0.372327849404911,7.32159324459136e-07,0.265256398777992,-0.0474772813652019,0.49856938190329,0.0260058254360381,0.0065043344097725,1,1,0,1.76,91.9,1,NaN,0.48,0,0.00586666666666667,0.306333333333333,1,190.715694645963,0.412463493518098,166.573557073241,0,16.64
n300_trolls90_umbral_medioPR_lam0.50,300,90,0.019012608248854,0.5,umbral,medioPR,0.3,,0.362361287478014,1.63688970911667,0.576088834994424,13.9,0.384700690105825,0.130190476190476,0.21757406890673,5.55296340559175e-07,0.108087306402548,-0.153484216890518,0.303045763365663,0.0342403908538583,0.00493634906975351,1,1,0,1.76,98.22,1,NaN,0.48,0,0.00586666666666667,0.3274,1,182.928423386131,0.354416953973418,139.572714282489,0,13.98
n300_trolls90_umbral_altoPR_lam0.50,300,90,0.019012608248854,0.5,umbral,altoPR,0.3,,0.285552734775739,1.52717360948951,0.525580068368813,11.78,0.164422808330922,0.296095238095238,0.102581310370068,5.1008334814806e-07,-0.00723144224609691,-0.234491514693591,0.41845195759648,0.037555031340242,0.00492783022192819,1,1,0,1.76,110.24,1,NaN,0.48,0,0.00586666666666667,0.367466666666667,1,151.142046583872,0.330388425452419,125.881617941661,0,11.4
n300_trolls90_umbral_bajoPR_lam0.65,300,90,0.019012608248854,0.65,umbral,bajoPR,0.3,,0.564909195387392,1.58400855884511,0.583759577506511,23.26,0.686516087617269,0.0939047619047619,0.248693078080739,7.70208636629577e-07,0.149279835186401,-0.13571646897681,0.443087497693452,0.02943504068699,0.00869905615131155,1,1,0,1.76,91.9,1,NaN,0.48,0,0.00586666666666667,0.306333333333333,1,155.403201008741,0.358303650751679,142.856964096003,0,24.56
n300_trolls90_umbral_medioPR_lam0.65,300,90,0.019012608248854,0.65,umbral,medioPR,0.3,,0.471069673721419,1.43138893890036,0.489068871420886,19.04,0.384700690105825,0.44352380952381,0.0218295233259855,6.89764637647749e-07,-0.0742126815370983,-0.287356133823093,0.493219328618059,0.043903004666644,0.00628168050060751,1,1,0,1.76,98.22,1,NaN,0.48,0,0.00586666666666667,0.3274,1,128.831198628793,0.321099056933656,119.068053053648,0,19.06
n300_trolls90_umbral_altoPR_lam0.65,300,90,0.019012608248854,0.65,umbral,altoPR,0.3,,0.37121855520846,1.27179368654057,0.424051304461637,15.08,0.164422808330922,0.776285714285714,-0.118124711854347,6.02063080916426e-07,-0.21336034025262,-0.389663987165149,0.444467119602973,0.0437709222274444,0.0057028347150139,1,1,0,1.76,110.24,1,NaN,0.48,0,0.00586666666666667,0.367466666666667,1,94.9582628214114,0.331174574454588,124.965662091597,0,14.64
n300_trolls90_umbral_bajoPR_lam0.80,300,90,0.019012608248854,0.8,umbral,bajoPR,0.3,,0.695272855861405,1.31767950262788,0.478631093259617,37.84,0.686516087617269,0.453809523809524,0.0208283081568327,8.47214826001363e-07,-0.0745216025396934,-0.296555877755059,1.05675668622325,0.0373984100053348,0.0120488133596455,1,1,0,1.76,91.9,1,NaN,0.48,0,0.00586666666666667,0.306333333333333,1,102.926022518183,0.316735406967644,116.343664288474,0,39.08
n300_trolls90_umbral_medioPR_lam0.80,300,90,0.019012608248854,0.8,umbral,medioPR,0.3,,0.579778059964823,1.086638543564,0.355810670039748,26.86,0.384700690105825,0.974952380952381,-0.267306410934289,7.83487489614651e-07,-0.345292392948518,-0.48863315866356,0.903733751653412,0.0478489708863953,0.00723124950465245,1,1,0,1.76,98.22,1,NaN,0.48,0,0.00586666666666667,0.3274,1,66.5924084580634,0.365109638296342,147.055719486716,0,26.5
n300_trolls90_umbral_altoPR_lam0.80,300,90,0.019012608248854,0.8,umbral,altoPR,0.3,,0.456884375641182,0.89029310841454,0.286110430955593,19.36,0.164422808330922,0.999904761904762,-0.412261301513764,6.86808275428066e-07,-0.484778145467179,-0.595172527020079,0.802038219863897,0.0365206634431956,0.00560943384190078,1,1,0,1.76,110.24,1,NaN,0.48,0,0.00586666666666667,0.367466666666667,1,41.6852946992635,0.435924798196335,178.55209392289,0,18.68
n300_trolls0_fuerte_bajoPR_lam0.20,300,0,0.057037824746562,0.2,fuerte,bajoPR,0,,0.2,0.804522541425278,0.203978471066104,4.34,NaN,0,0.525028604797753,6.05065041622832e-07,0.525028604797753,0.551891486616976,0.478518120698406,0.0100596215504699,0.00065767447803287,1,1,1,1,1,1,1,1,1,0.00333333333333333,0.00333333333333333,1,24.7844382848383,0.346053659200622,165.567445985093,0,8
n300_trolls0_fuerte_medioPR_lam0.20,300,0,0.057037824746562,0.2,fuerte,medioPR,0,,0.2,0.804522541425278,0.203978471066104,4.34,NaN,0,0.525028604797753,6.05065041622832e-07,0.525028604797753,0.551891486616976,0.478518120698406,0.0100596215504699,0.00065767447803287,1,1,1,1,1,1,1,1,1,0.00333333333333333,0.00333333333333333,1,24.7844382848383,0.346053659200622,165.567445985093,0,8
n300_trolls0_fuerte_altoPR_lam0.20,300,0,0.057037824746562,0.2,fuerte,altoPR,0,,0.2,0.804522541425278,0.203978471066104,4.34,NaN,0,0.525028604797753,6.05065041622832e-07,0.525028604797753,0.551891486616976,0.478518120698406,0.0100596215504699,0.00065767447803287,1,1,1,1,1,1,1,1,1,0.00333333333333333,0.00333333333333333,1,24.7844382848383,0.346053659200622,165.567445985093,0,8
n300_trolls0_fuerte_bajoPR_lam0.35,300,0,0.057037824746562,0.35,fuerte,bajoPR,0,,0.35,0.663307874073218,0.1660072493207,5.98,NaN,0,0.532474200232832,1.32889679735348e-07,0.532474200232832,0.551932320839244,0.141421356237309,0.0118380984503404,0.000950491380968791,1,1,1,1,1,1,1,1,1,0.00333333333333333,0.00333333333333333,1,16.2684327171141,0.332098239297115,165.579696251773,0,12
n300_trolls0_fuerte_medioPR_lam0.35,300,0,0.057037824746562,0.35,fuerte,medioPR,0,,0.35,0.663307874073218,0.1660072493207,5.98,NaN,0,0.532474200232832,1.32889679735348e-07,0.532474200232832,0.551932320839244,0.141421356237309,0.0118380984503404,0.000950491380968791,1,1,1,1,1,1,1,1,1,0.00333333333333333,0.00333333333333333,1,16.2684327171141,0.332098239297115,165.579696251773,0,12
n300_trolls0_fuerte_altoPR_lam0.35,300,0,0.057037824746562,0.35,fuerte,altoPR,0,,0.35,0.663307874073218,0.1660072493207,5.98,NaN,0,0.532474200232832,1.32889679735348e-07,0.532474200232832,0.551932320839244,0.141421356237309,0.0118380984503404,0.000950491380968791,1,1,1,1,1,1,1,1,1,0.00333333333333333,0.00333333333333333,1,16.2684327171141,0.332098239297115,165.579696251773,0,12
n300_trolls0_fuerte_bajoPR_lam0.50,300,0,0.057037824746562,0.5,fuerte,bajoPR,0,,0.5,0.521035488867985,0.128082164782227,7,NaN,0,0.539700591767134,1.62389170046406e-07,0.539700591767134,0.551972603713836,0,0.011264365834319,0.0010652550954539,1,1,1,1,1,1,1,1,1,0.00333333333333333,0.00333333333333333,1,9.59665625459324,0.321028349447935,165.591781114151,0,19
n300_trolls0_fuerte_medioPR_lam0.50,300,0,0.057037824746562,0.5,fuerte,medioPR,0,,0.5,0.521035488867985,0.128082164782227,7,NaN,0,0.539700591767134,1.62389170046406e-07,0.539700591767134,0.551972603713836,0,0.011264365834319,0.0010652550954539,1,1,1,1,1,1,1,1,1,0.00333333333333333,0.00333333333333333,1,9.59665625459324,0.321028349447935,165.591781114151,0,19
n300_trolls0_fuerte_altoPR_lam0.50,300,0,0.057037824746562,0.5,fuerte,altoPR,0,,0.5,0.521035488867985,0.128082164782227,7,NaN,0,0.539700591767134,1.62389170046406e-07,0.539700591767134,0.551972603713836,0,0.011264365834319,0.0010652550954539,1,1,1,1,1,1,1,1,1,0.00333333333333333,0.00333333333333333,1,9.59665625459324,0.321028349447935,165.591781114151,0,19
n300_trolls0_fuerte_bajoPR_lam0.65,300,0,0.057037824746562,0.65,fuerte,bajoPR,0,,0.65,0.374277881377209,0.0900510262112589,8,NaN,0,0.545436592020411,2.04701063931667e-07,0.545436592020411,0.55201239075736,0,0.00938350932179712,0.000991908282593467,1,1,1,1,1,1,1,1,1,0.00333333333333333,0.00333333333333333,1,4.70046367656939,0.312806142286999,165.603717227208,0,30
n300_trolls0_fuerte_medioPR_lam0.65,300,0,0.057037824746562,0.65,fuerte,medioPR,0,,0.65,0.374277881377209,0.0900510262112589,8,NaN,0,0.545436592020411,2.04701063931667e-07,0.545436592020411,0.55201239075736,0,0.00938350932179712,0.000991908282593467,1,1,1,1,1,1,1,1,1,0.00333333333333333,0.00333333333333333,1,4.70046367656939,0.312806142286999,165.603717227208,0,30
n300_trolls0_fuerte_altoPR_lam0.65,300,0,0.057037824746562,0.65,fuerte,altoPR,0,,0.65,0.374277881377209,0.0900510262112589,8,NaN,0,0.545436592020411,2.04701063931667e-07,0.545436592020411,0.55201239075736,0,0.00938350932179712,0.000991908282593467,1,1,1,1,1,1,1,1,1,0.00333333333333333,0.00333333333333333,1,4.70046367656939,0.312806142286999,165.603717227208,0,30
n300_trolls0_fuerte_bajoPR_lam0.80,300,0,0.057037824746562,0.8,fuerte,bajoPR,0,,0.8,0.220002720297629,0.0517566472069818,8.96,NaN,0,0.549481033632967,2.92987342951356e-07,0.549481033632967,0.552051829129372,0.197948663722157,0.00669359994151334,0.000716112255114389,1,1,1,1,1,1,1,1,1,0.00333333333333333,0.00333333333333333,1,1.5384598910718,0.307439777038913,165.615548738812,0,59
n300_trolls0_fuerte_medioPR_lam0.80,300,0,0.057037824746562,0.8,fuerte,medioPR,0,,0.8,0.220002720297629,0.0517566472069818,8.96,NaN,0,0.549481033632967,2.92987342951356e-07,0.549481033632967,0.552051829129372,0.197948663722157,0.00669359994151334,0.000716112255114389,1,1,1,1,1,1,1,1,1,0.00333333333333333,0.00333333333333333,1,1.5384598910718,0.307439777038913,165.615548738812,0,59
n300_trolls0_fuerte_altoPR_lam0.80,300,0,0.057037824746562,0.8,fuerte,altoPR,0,,0.8,0.220002720297629,0.0517566472069818,8.96,NaN,0,0.549481033632967,2.92987342951356e-07,0.549481033632967,0.552051829129372,0.197948663722157,0.00669359994151334,0.000716112255114389,1,1,1,1,1,1,1,1,1,0.00333333333333333,0.00333333333333333,1,1.5384598910718,0.307439777038913,165.615548738812,0,59
n300_trolls30_fuerte_bajoPR_lam0.20,300,30,0.057037824746562,0.2,fuerte,bajoPR,0.1,,0.185605493409142,1.89206871639868,0.497694709763385,7,0.824348506172742,0,0.503180516846305,2.33545642970567e-07,0.485346766766456,0.372446641355494,0,0.00948019234783025,0.0013404726104399,1,1,0,1,31,1,NaN,1,0,0.00333333333333333,0.103333333333333,1,132.087789576909,0.38560721989219,171.733992406648,0,7.98
n300_trolls30_fuerte_medioPR_lam0.20,300,30,0.057037824746562,0.2,fuerte,medioPR,0.1,,0.180366996270126,1.88575490493304,0.495081782725734,7,0.710541014884066,0.000148148148148148,0.494771829247192,2.67385864781144e-07,0.475436000682354,0.362938399952728,0,0.0119475937736857,0.00150408010514716,1,1,0,1,31,1,NaN,1,0,0.00333333333333333,0.103333333333333,1,144.185838871124,0.376032936421036,168.882138266274,0,7.74
n300_trolls30_fuerte_altoPR_lam0.20,300,30,0.057037824746562,0.2,fuerte,altoPR,0.1,,0.174654574348927,1.88104525145207,0.492199830379749,7,0.544746014426269,0,0.486393263544365,2.84166682479603e-07,0.467710936106442,0.354517939074907,0,0.0145799697742752,0.00148205856100797,1,1,0,1,31,1,NaN,1,0,0.00333333333333333,0.103333333333333,1,156.174577112103,0.367157225678321,166.355381722472,0,7.2
n300_trolls30_fuerte_bajoPR_lam0.35,300,30,0.057037824746562,0.35,fuerte,bajoPR,0.1,,0.324809613465998,1.81363503346748,0.476830816480589,10,0.824348506172742,0,0.488677108303003,8.49081984170552e-07,0.468537738738335,0.344775674623813,0,0.0108496913548138,0.00142362569587831,1,1,0,1,31,1,NaN,1,0,0.00333333333333333,0.103333333333333,1,119.642003804045,0.345496235753923,163.432702387144,0,11.98
n300_trolls30_fuerte_medioPR_lam0.35,300,30,0.057037824746562,0.35,fuerte,medioPR,0.1,,0.31564224347272,1.80200161785618,0.471516490119656,10,0.710541014884066,0.000148148148148148,0.468077698007191,8.85809596536391e-07,0.448642232304644,0.326306526655894,0,0.0134623969616757,0.00163045805048282,1,1,0,1,31,1,NaN,1,0,0.00333333333333333,0.103333333333333,1,129.669264415,0.328084240170763,157.893438243198,0,11.22
n300_trolls30_fuerte_altoPR_lam0.35,300,30,0.057037824746562,0.35,fuerte,altoPR,0.1,,0.305645505110623,1.78643060277047,0.465877807822538,10,0.544746014426269,0.000518518518518519,0.449987488125655,8.48369179867747e-07,0.430021806911551,0.308514402108943,0,0.0181437122414029,0.00158323596350462,1,1,0,1,31,1,NaN,1,0,0.00333333333333333,0.103333333333333,1,139.168596942023,0.311522413445729,152.557410961178,0,11
n300_trolls30_fuerte_bajoPR_lam0.50,300,30,0.057037824746562,0.5,fuerte,bajoPR,0.1,,0.464013733522855,1.72078288153311,0.45378325631562,16,0.824348506172742,0,0.449649532935699,5.39917055839001e-07,0.430977744538051,0.302869530003005,0,0.0111932747974518,0.001538215764938,1,1,0,1,31,1,NaN,1,0,0.00333333333333333,0.103333333333333,1,107.032125810496,0.296980572229059,150.860859000902,0,17.1
n300_trolls30_fuerte_medioPR_lam0.50,300,30,0.057037824746562,0.5,fuerte,medioPR,0.1,,0.450917490675314,1.69957524901281,0.444486328603664,16,0.710541014884066,0.000666666666666667,0.415059198619763,4.69376436788016e-07,0.39706699652037,0.27160888182903,0,0.0140328075191706,0.00177589122278083,1,1,0,1,31,1,NaN,1,0,0.00333333333333333,0.103333333333333,1,114.248953106428,0.270705782147368,141.492851899684,0,17
n300_trolls30_fuerte_altoPR_lam0.50,300,30,0.057037824746562,0.5,fuerte,altoPR,0.1,,0.436636435872318,1.67067667693634,0.434931276619966,15,0.544746014426269,0.00288888888888889,0.381952012985949,8.39370755030266e-07,0.363802036286277,0.240922529295428,0,0.0179394432562703,0.00171777844234017,1,1,0,1,31,1,NaN,1,0,0.00333333333333333,0.103333333333333,1,120.538027141608,0.246603745696062,132.316044284049,0,16.08
n300_trolls30_fuerte_bajoPR_lam0.65,300,30,0.057037824746562,0.65,fuerte,bajoPR,0.1,,0.603217853579711,1.59509679791567,0.423553284514824,25,0.824348506172742,0.00037037037037037,0.371667031752088,6.67285601654299e-07,0.357136537109972,0.231750954032488,0,0.0104792538754292,0.00167299527318056,1,1,0,1,31,1,NaN,1,0,0.00333333333333333,0.103333333333333,1,92.2254110427318,0.232530607287797,129.529513999275,0,26.98
n300_trolls30_fuerte_medioPR_lam0.65,300,30,0.057037824746562,0.65,fuerte,medioPR,0.1,,0.586192737877908,1.55301583905483,0.408000450892525,24,0.710541014884066,0.00288888888888889,0.318163659719144,7.51408545756616e-07,0.301272629337033,0.181133830080566,0,0.0144502289253562,0.00192774467893692,1,1,0,1,31,1,NaN,1,0,0.00333333333333333,0.103333333333333,1,95.4491915245739,0.19874991030247,114.407564567097,0,25.54
n300_trolls30_fuerte_altoPR_lam0.65,300,30,0.057037824746562,0.65,fuerte,altoPR,0.1,,0.567627366634014,1.5060399282869,0.392637174960301,23,0.544746014426269,0.015037037037037,0.26244036950515,7.846981518006e-07,0.246441747126005,0.13211994497069,0,0.018100715414632,0.0018894789973591,1,1,0,1,31,1,NaN,1,0,0.00333333333333333,0.103333333333333,1,97.5235998685693,0.171136171136662,99.9900410159903,0,24.1
n300_trolls30_fuerte_bajoPR_lam0.80,300,30,0.057037824746562,0.8,fuerte,bajoPR,0.1,,0.742421973636568,1.37668493248202,0.370068935236732,43.9,0.824348506172742,0.0105185185185185,0.208311164462076,8.18444765061099e-07,0.197104897770886,0.0840633446652769,0.303045763365663,0.0107436570070847,0.00197166735478508,1,1,0,1,31,1,NaN,1,0,0.00333333333333333,0.103333333333333,1,69.7370532884993,0.143598218388511,85.4275843134088,0,46.1
n300_trolls30_fuerte_medioPR_lam0.80,300,30,0.057037824746562,0.8,fuerte,medioPR,0.1,,0.721467985080502,1.29846470802826,0.344194539145643,40.84,0.710541014884066,0.0948888888888889,0.119640183518477,8.25057476049884e-07,0.107762483502738,0.00275892913760909,0.370328039909021,0.0128770241374546,0.00214295449392565,1,1,0,1,31,1,NaN,1,0,0.00333333333333333,0.103333333333333,1,67.3596266691498,0.118125986018032,63.1891372779159,0,42.46
n300_trolls30_fuerte_altoPR_lam0.80,300,30,0.057037824746562,0.8,fuerte,altoPR,0.1,,0.698618297395709,1.22433431829873,0.32037089719187,37.92,0.544746014426269,0.341777777777778,0.0364612054321937,7.81537464876331e-07,0.0242247790116844,-0.0716304719995484,0.27404751561787,0.0154392931069865,0.00212149033549071,1,1,0,1,31,1,NaN,1,0,0.00333333333333333,0.103333333333333,1,64.3860346997341,0.107464742995295,49.9898258845907,0,38.98
n300_trolls60_fuerte_bajoPR_lam0.20,300,60,0.057037824746562,0.2,fuerte,bajoPR,0.2,,0.17109295240085,1.87495190972481,0.627857909769389,7,0.45007197783793,0.000333333333333333,0.480823953002557,2.86148924611429e-07,0.439448632926926,0.19874422068433,0,0.0138672830750653,0.00270201355582564,1,1,0,1,61,1,NaN,1,0,0.00333333333333333,0.203333333333333,1,210.849780042017,0.432425676524113,179.624241141194,0,7.02
n300_trolls60_fuerte_medioPR_lam0.20,300,60,0.057037824746562,0.2,fuerte,medioPR,0.2,,0.160542031201054,1.85643445453617,0.620183236719488,7,0.180001465906387,0.001,0.46265177531128,2.61807884840426e-07,0.420019458850246,0.182353701623858,0,0.0189289045917184,0.00274538722564891,1,1,0,1,61,1,NaN,1,0,0.00333333333333333,0.203333333333333,1,226.806034323705,0.416640906930969,174.714445082373,0,7
n300_trolls60_fuerte_altoPR_lam0.20,300,60,0.057037824746562,0.2,fuerte,altoPR,0.2,,0.149277721311621,1.84431607095153,0.61306639486221,7,0.0525920259020118,0.00325,0.444310317322081,2.10119505847373e-07,0.401467587514767,0.167924126073284,0,0.0183418066524694,0.00263809724525906,1,1,0,1,61.02,1,NaN,1,0,0.00333333333333333,0.2034,1,239.215441347552,0.402833337729826,170.409806576796,0,7
n300_trolls60_fuerte_bajoPR_lam0.35,300,60,0.057037824746562,0.35,fuerte,bajoPR,0.2,,0.299412666701488,1.77987984093574,0.597029174001989,10,0.45007197783793,0.000666666666666667,0.436459492515337,7.99389739224998e-07,0.388851248728622,0.152082101063283,0,0.0161446281133151,0.00280495639721688,1,1,0,1,61,1,NaN,1,0,0.00333333333333333,0.203333333333333,1,188.830847328938,0.378419677060774,165.631530486092,0,11
n300_trolls60_fuerte_medioPR_lam0.35,300,60,0.057037824746562,0.35,fuerte,medioPR,0.2,,0.280948554601844,1.74768278558347,0.582587499636324,10,0.180001465906387,0.00491666666666667,0.399761671348407,5.96358672286801e-07,0.350890168660875,0.121511978837403,0,0.0243442305556726,0.00299643568736142,1,1,0,1,61,1,NaN,1,0,0.00333333333333333,0.203333333333333,1,198.644614025168,0.353087752175667,156.51258120211,0,11
n300_trolls60_fuerte_altoPR_lam0.35,300,60,0.057037824746562,0.35,fuerte,altoPR,0.2,,0.261236012295337,1.71830214571961,0.568943379474241,10,0.0525920259020118,0.0151666666666667,0.36559832988878,3.79575325138992e-07,0.315649929595891,0.093208996549964,0,0.0239661640211591,0.00268866515966822,1,1,0,1,61.02,1,NaN,1,0,0.00333333333333333,0.2034,1,204.591733629507,0.331341095438355,148.20637933729,0,10
n300_trolls60_fuerte_bajoPR_lam0.50,300,60,0.057037824746562,0.5,fuerte,bajoPR,0.2,,0.427732381002126,1.66068152498199,0.557647674649638,15,0.45007197783793,0.0035,0.35915059581706,7.08823397872482e-07,0.313019353069995,0.0846560472062097,0,0.017585155136645,0.00295685668401587,1,1,0,1,61,1,NaN,1,0,0.00333333333333333,0.203333333333333,1,163.29356096494,0.317138883012155,145.44083978495,0,16
n300_trolls60_fuerte_medioPR_lam0.50,300,60,0.057037824746562,0.5,fuerte,medioPR,0.2,,0.401355078002635,1.61079633426995,0.534507177527221,14.14,0.180001465906387,0.0200833333333333,0.299614110138169,8.55790332133233e-07,0.251735710032098,0.0362089404223335,0.350509832753866,0.0265772366831351,0.0032759367906437,1,1,0,1,61,1,NaN,1,0,0.00333333333333333,0.203333333333333,1,165.958925175231,0.286107370435534,131.256017896043,0,15
n300_trolls60_fuerte_altoPR_lam0.50,300,60,0.057037824746562,0.5,fuerte,altoPR,0.2,,0.373194303279053,1.55854705491335,0.513020396316239,14,0.0525920259020118,0.05775,0.243305212928092,4.39239701924554e-07,0.196739366520203,-0.00843845607509129,0,0.0288518229812494,0.00279982347382154,1,1,0,1,61.02,1,NaN,1,0,0.00333333333333333,0.2034,1,165.099147060548,0.262419322009936,118.953635530683,0,14
n300_trolls60_fuerte_bajoPR_lam0.65,300,60,0.057037824746562,0.65,fuerte,bajoPR,0.2,,0.556052095302764,1.48751281499471,0.500497245115443,22.5,0.45007197783793,0.0295833333333333,0.227685370183051,7.69560613588793e-07,0.189118129501068,-0.0215311336904844,0.505076272276105,0.0185573809410978,0.00319485675720539,1,1,0,1,61,1,NaN,1,0,0.00333333333333333,0.203333333333333,1,130.491857872233,0.250171450114307,114.110873679679,0,23.66
n300_trolls60_fuerte_medioPR_lam0.65,300,60,0.057037824746562,0.65,fuerte,medioPR,0.2,,0.521761601403425,1.41131462792579,0.466380678669876,20.98,0.180001465906387,0.128916666666667,0.138906352986722,6.45345910303963e-07,0.100026749325458,-0.0920319099698082,0.141421356237309,0.0262722281979691,0.00354327709124676,1,1,0,1,61,1,NaN,1,0,0.00333333333333333,0.203333333333333,1,125.404354349697,0.225313255983794,96.1221707700691,0,21.4
n300_trolls60_fuerte_altoPR_lam0.65,300,60,0.057037824746562,0.65,fuerte,altoPR,0.2,,0.485152594262768,1.33398162621392,0.436059656956839,19,0.0525920259020118,0.3075,0.0610256812438484,7.36926001048549e-07,0.0224275193479613,-0.154595202501753,0,0.0313537332552405,0.0029216828842605,1,1,0,1,61.02,1,NaN,1,0,0.00333333333333333,0.2034,1,118.314530127417,0.213450134701975,85.4689566032528,0,19.42
n300_trolls60_fuerte_bajoPR_lam0.80,300,60,0.057037824746562,0.8,fuerte,bajoPR,0.2,,0.684371809603401,1.18928184124877,0.401315574620518,36,0.45007197783793,0.562416666666667,-0.0138722339549332,8.27140649671508e-07,-0.0424361740088686,-0.213745266228237,0.285714285714286,0.0179229093243348,0.00350762497538892,1,1,0,1,61,1,NaN,1,0,0.00333333333333333,0.203333333333333,1,83.3040032448319,0.206262200353231,76.8991154439818,0,37
n300_trolls60_fuerte_medioPR_lam0.80,300,60,0.057037824746562,0.8,fuerte,medioPR,0.2,,0.642168124804216,1.08089072573035,0.35571894075913,31.38,0.180001465906387,0.94725,-0.129942034068539,8.31233595635613e-07,-0.158299163081259,-0.306557531694612,0.490314351478015,0.0222077796075746,0.00362256204992143,1,1,0,1,61,1,NaN,1,0,0.00333333333333333,0.203333333333333,1,72.4073070272085,0.220152049541674,92.7769666341496,0,32
n300_trolls60_fuerte_altoPR_lam0.80,300,60,0.057037824746562,0.8,fuerte,altoPR,0.2,,0.597110885246484,0.980534811859353,0.318510033513951,27.36,0.0525920259020118,0.998833333333333,-0.224379271790525,8.12153607574039e-07,-0.251984719049794,-0.382378969963224,0.484873221385061,0.0289991588919338,0.00283638558914302,1,1,0,1,61.02,1,NaN,1,0,0.00333333333333333,0.2034,1,62.5761287318504,0.247357238360367,114.726149703896,0,27.78
n300_trolls90_fuerte_bajoPR_lam0.20,300,90,0.057037824746562,0.2,fuerte,bajoPR,0.3,,0.15690184960823,1.85357638526109,0.698386709676633,7,0.157737259776111,0.000952380952380953,0.458773323528245,2.47932426962749e-07,0.375968920992613,0.0318742402239075,0,0.0196394166727938,0.00418534836523178,1,1,0,1,91,1,NaN,1,0,0.00333333333333333,0.303333333333333,1,265.027585155689,0.487193065942756,189.56644066781,0,7
n300_trolls90_fuerte_medioPR_lam0.20,300,90,0.057037824746562,0.2,fuerte,medioPR,0.3,,0.140555994264059,1.82689904114744,0.684580150269645,7,0.0268515990850357,0.00771428571428571,0.429975011544551,1.67148319566712e-07,0.342671063330377,0.0101039866549257,0,0.0216673107666159,0.00448167885346714,1,1,0,1,91,1,NaN,1,0,0.00333333333333333,0.303333333333333,1,277.869936616407,0.467260555952947,183.089333569249,0,7
n300_trolls90_fuerte_altoPR_lam0.20,300,90,0.057037824746562,0.2,fuerte,altoPR,0.3,,0.125029616259171,1.80029277652861,0.673957860948767,6,0.00337858978575909,0.0176190476190476,0.406605373700173,7.77509204138993e-07,0.320122192425532,-0.00625114746326754,0,0.0231680220179286,0.0042508567693776,1,1,0,1,91.02,1,NaN,1,0,0.00333333333333333,0.3034,1,280.244550682145,0.45280602767251,178.330427395613,0,6.86
n300_trolls90_fuerte_bajoPR_lam0.35,300,90,0.057037824746562,0.35,fuerte,bajoPR,0.3,,0.274578236814403,1.73983014445226,0.655005261783208,10,0.157737259776111,0.006,0.389939879161382,5.24903601885618e-07,0.298718836354964,-0.0259815422742849,0,0.0227149001902491,0.00439497298726668,1,1,0,1,91,1,NaN,1,0,0.00333333333333333,0.303333333333333,1,231.337393503965,0.428339060310165,172.260334632986,0,10.52
n300_trolls90_fuerte_medioPR_lam0.35,300,90,0.057037824746562,0.35,fuerte,medioPR,0.3,,0.245972989962104,1.69438913430318,0.630458602631079,9.58,0.0268515990850357,0.028,0.336435458432347,5.51387499942713e-07,0.242693367437511,-0.0646360982111483,0.49856938190329,0.0298255010928642,0.00467636431170515,1,1,0,1,91,1,NaN,1,0,0.00333333333333333,0.303333333333333,1,234.186713032565,0.400404951360404,161.076656112203,0,10
n300_trolls90_fuerte_altoPR_lam0.35,300,90,0.057037824746562,0.35,fuerte,altoPR,0.3,,0.218801828453548,1.64355768069108,0.610821825714219,9,0.00337858978575909,0.0603809523809524,0.292801034783147,4.59427098133958e-07,0.197491530136782,-0.0953282391195114,0,0.0292953627869334,0.00427279535713127,1,1,0,1,91.02,1,NaN,1,0,0.00333333333333333,0.3034,1,228.621132543147,0.381005567121531,152.705835178386,0,9
n300_trolls90_fuerte_bajoPR_lam0.50,300,90,0.057037824746562,0.5,fuerte,bajoPR,0.3,,0.392254624020576,1.59559693085271,0.59846562872878,14,0.157737259776111,0.03,0.279878064992905,7.50882584790447e-07,0.195813608184821,-0.106026949751276,0,0.0243207118739937,0.00462664790659551,1,1,0,1,91,1,NaN,1,0,0.00333333333333333,0.303333333333333,1,191.748592648418,0.368276842133804,148.696602372643,0,15
n300_trolls90_fuerte_medioPR_lam0.50,300,90,0.057037824746562,0.5,fuerte,medioPR,0.3,,0.351389985660148,1.52305608117902,0.561664690728176,13,0.0268515990850357,0.104380952380952,0.199022167790129,6.38004381383062e-07,0.113362896798292,-0.163616260757753,0,0.0357185458828192,0.00490726529877858,1,1,0,1,91,1,NaN,1,0,0.00333333333333333,0.303333333333333,1,184.699894887023,0.341264334211324,133.706995229523,0,13.06
n300_trolls90_fuerte_altoPR_lam0.50,300,90,0.057037824746562,0.5,fuerte,altoPR,0.3,,0.312574040647926,1.44952891173157,0.532749792463026,12,0.00337858978575909,0.195904761904762,0.135179008189304,5.6616153403799e-07,0.0473087781531546,-0.208869662485972,0,0.0320024538221359,0.00431364249753296,1,1,0,1,91.02,1,NaN,1,0,0.00333333333333333,0.3034,1,172.656724751978,0.326559674099572,124.139607179527,0,12
n300_trolls90_fuerte_bajoPR_lam0.65,300,90,0.057037824746562,0.65,fuerte,bajoPR,0.3,,0.509931011226748,1.38666974441355,0.517998934675264,20.04,0.157737259776111,0.185904761904762,0.110854311059559,8.20005126681844e-07,0.0418960222459762,-0.22424581705836,0.197948663722157,0.0251815732538471,0.00484589631692923,1,1,0,1,91,1,NaN,1,0,0.00333333333333333,0.303333333333333,1,142.712079057073,0.31778980802569,117.775160034824,0,21
n300_trolls90_fuerte_medioPR_lam0.65,300,90,0.057037824746562,0.65,fuerte,medioPR,0.3,,0.456806981358193,1.28226773994033,0.468563728755957,18,0.0268515990850357,0.49352380952381,0.00261101856337586,5.99123661223534e-07,-0.0674735184138765,-0.300953439288674,0,0.0365980417024542,0.00501045084648304,1,1,0,1,91,1,NaN,1,0,0.00333333333333333,0.303333333333333,1,127.738000359037,0.309472622280235,109.741793955177,0,18
n300_trolls90_fuerte_altoPR_lam0.65,300,90,0.057037824746562,0.65,fuerte,altoPR,0.3,,0.406346252842304,1.18855083188254,0.431656186257473,15.96,0.00337858978575909,0.748666666666667,-0.0795577983509338,5.66944290510353e-07,-0.149575842156014,-0.3584759319198,0.197948663722157,0.0329488758426474,0.00423778044751439,1,1,0,1,91.02,1,NaN,1,0,0.00333333333333333,0.3034,1,112.486364027225,0.314264637786741,113.91859455518,0,15.96
n300_trolls90_fuerte_bajoPR_lam0.80,300,90,0.057037824746562,0.8,fuerte,bajoPR,0.3,,0.627607398432921,1.04693825220326,0.389195322808377,30.04,0.157737259776111,0.978285714285714,-0.165423760019993,8.08756993768262e-07,-0.215641698064492,-0.416829633939299,0.347586430302755,0.0233641694511524,0.00479153296326234,1,1,0,1,91,1,NaN,1,0,0.00333333333333333,0.303333333333333,1,80.0846949746556,0.324790000893324,125.287125693062,0,30.48
n300_trolls90_fuerte_medioPR_lam0.80,300,90,0.057037824746562,0.8,fuerte,medioPR,0.3,,0.562223977056237,0.91943831449682,0.332220940356695,24.84,0.0268515990850357,0.999904761904762,-0.289829362211303,7.53495552853183e-07,-0.337326143648105,-0.504367916516652,0.467734444106997,0.029343815479554,0.0045568357987298,1,1,0,1,91,1,NaN,1,0,0.00333333333333333,0.303333333333333,1,63.8140331468838,0.364454769898184,151.310557945753,0,24.98
n300_trolls90_fuerte_altoPR_lam0.80,300,90,0.057037824746562,0.8,fuerte,altoPR,0.3,,0.500118465036682,0.8184901386993,0.293370666203408,20.98,0.00337858978575909,1,-0.374941994094235,7.04336446082643e-07,-0.422166598085634,-0.564457068518818,0.318798765777449,0.0277152660104835,0.0036700363867461,1,1,0,1,91.02,1,NaN,1,0,0.00333333333333333,0.3034,1,51.5452210752561,0.404431333328444,169.337120555645,0,20.94
